,success,length,band
0,2120.0,1.445754716981132,11651
1,2173.0,1.4749194661757938,11409
