,success,length,band
0,1,1,2
1,200,1.525,1217
2,400,1.5825,2349
3,600,1.573333333,3358
4,800,1.55875,4725
5,1000,1.521,5834
6,1198,1.548414023,6894
7,1371,1.517870168,7614
8,1483,1.487525287,8175
9,1599,1.476547842,8479
10,1617,1.459492888,9453
11,1663,1.427540589,9226
12,1847,1.425013535,10284
13,1922,1.417273673,10431
14,1956,1.388548057,10846
15,2083,1.390302448,11351
